-- User basic data in PostgreSQL (for analytics)
INSERT INTO users (id, username, age, join_date, location_state, location_country) VALUES
(1, 'mason_r', 16, '2024-12-01', 'OR', 'USA'),
(2, 'elijah_w', 16, '2024-11-15', 'GA', 'USA'),
(3, 'noah_j', 14, '2024-12-05', 'CA', 'USA'),
(4, 'liam_t', 17, '2024-11-20', 'NY', 'USA'),
(5, 'ethan_h', 15, '2025-01-10', 'TX', 'USA'),
(6, 'jackson_m', 16, '2025-01-05', 'FL', 'USA'),
(7, 'aiden_c', 13, '2025-01-15', 'WA', 'USA'),
(8, 'lucas_r', 17, '2024-12-10', 'CO', 'USA'),
(9, 'mateo_s', 15, '2024-12-20', 'AZ', 'USA'),
(10, 'jack_w', 14, '2025-01-20', 'IL', 'USA'),
(11, 'james_l', 16, '2025-02-01', 'MI', 'USA'),
(12, 'oliver_b', 15, '2025-02-05', 'OH', 'USA'),
(13, 'benjamin_k', 14, '2025-02-10', 'PA', 'USA'),
(14, 'daniel_z', 17, '2025-01-25', 'NJ', 'USA'),
(15, 'henry_p', 13, '2025-02-15', 'VA', 'USA'),
(16, 'sebastian_g', 16, '2024-12-15', 'NC', 'USA'),
(17, 'matthew_d', 15, '2025-01-30', 'MA', 'USA'),
(18, 'samuel_f', 14, '2025-02-20', 'MN', 'USA'),
(19, 'david_v', 16, '2025-01-05', 'WI', 'USA'),
(20, 'joseph_n', 17, '2024-12-25', 'MD', 'USA'),
(21, 'carter_a', 13, '2025-02-25', 'MO', 'USA'),
(22, 'owen_e', 14, '2025-01-15', 'TN', 'USA'),
(23, 'wyatt_o', 15, '2025-03-01', 'IN', 'USA'),
(24, 'john_i', 16, '2025-01-10', 'SC', 'USA'),
(25, 'luke_u', 17, '2024-12-05', 'AL', 'USA'),
(26, 'jayden_y', 14, '2025-03-05', 'KY', 'USA'),
(27, 'dylan_q', 15, '2025-01-20', 'LA', 'USA'),
(28, 'gabriel_x', 13, '2025-02-15', 'OK', 'USA'),
(29, 'anthony_w', 16, '2025-03-10', 'CT', 'USA'),
(30, 'isaac_v', 17, '2025-01-25', 'UT', 'USA'),
(31, 'grayson_m', 14, '2025-02-20', 'NV', 'USA'),
(32, 'christopher_n', 15, '2025-03-15', 'NM', 'USA'),
(33, 'joshua_b', 16, '2025-01-30', 'KS', 'USA'),
(34, 'andrew_c', 13, '2025-02-25', 'AR', 'USA'),
(35, 'lincoln_x', 15, '2025-03-01', 'MS', 'USA'),
(36, 'ryan_z', 17, '2025-02-05', 'IA', 'USA'),
(37, 'nathan_a', 14, '2025-03-05', 'NE', 'USA'),
(38, 'christian_s', 16, '2025-02-10', 'WV', 'USA'),
(39, 'thomas_d', 15, '2025-03-10', 'ID', 'USA'),
(40, 'aaron_f', 13, '2025-02-15', 'HI', 'USA'),
(41, 'caleb_g', 17, '2025-01-05', 'NH', 'USA'),
(42, 'connor_h', 14, '2025-02-20', 'ME', 'USA'),
(43, 'eli_j', 16, '2025-03-15', 'MT', 'USA'),
(44, 'cameron_k', 15, '2025-01-10', 'RI', 'USA'),
(45, 'hunter_l', 13, '2025-02-25', 'DE', 'USA'),
(46, 'nolan_m', 17, '2025-03-01', 'SD', 'USA'),
(47, 'landon_n', 16, '2025-01-15', 'AK', 'USA'),
(48, 'colton_o', 14, '2025-02-05', 'VT', 'USA'),
(49, 'zachary_p', 15, '2025-03-05', 'WY', 'USA'),
(50, 'easton_q', 16, '2025-01-20', 'ND', 'USA');

-- Activity tracking
INSERT INTO activities (user_id, activity_type, points_earned, challenge_id, content_id, details, created_at) VALUES
(1, 'CHALLENGE_COMPLETED', 50, 101, NULL, '{"challengeName": "Leadership Interview", "submissionType": "text"}', '2025-01-10 14:32:45'),
(1, 'CHALLENGE_COMPLETED', 75, 102, NULL, '{"challengeName": "Community Project", "submissionType": "pdf"}', '2025-02-05 16:15:22'),
(1, 'MODULE_PROGRESS', 25, NULL, 201, '{"moduleName": "Building Connections", "lessonCompleted": "Communication Basics"}', '2025-02-10 19:45:11'),
(1, 'SKILL_PRACTICE', 15, NULL, 301, '{"skillName": "Public Speaking", "exerciseCompleted": "Introduction Speech"}', '2025-02-15 13:20:05'),
(1, 'CHALLENGE_COMPLETED', 60, 103, NULL, '{"challengeName": "Conversation Simulator", "submissionType": "text"}', '2025-03-15 15:10:33'),
(1, 'DAILY_LOGIN', 5, NULL, NULL, '{"streakDays": 23}', '2025-03-22 08:45:12'),

(2, 'CHALLENGE_COMPLETED', 50, 101, NULL, '{"challengeName": "Leadership Interview", "submissionType": "text"}', '2024-12-10 10:22:15'),
(2, 'CHALLENGE_COMPLETED', 100, 104, NULL, '{"challengeName": "Mentorship Program", "submissionType": "video"}', '2025-01-25 14:35:40'),
(2, 'ACHIEVEMENT_EARNED', 200, NULL, NULL, '{"achievementName": "Creative Visionary", "level": 5}', '2025-01-15 20:30:25'),
(2, 'MODULE_PROGRESS', 30, NULL, 201, '{"moduleName": "Building Connections", "lessonCompleted": "Conflict Resolution"}', '2025-01-30 12:15:45'),
(2, 'CHALLENGE_COMPLETED', 85, 105, NULL, '{"challengeName": "Design Project", "submissionType": "pdf"}', '2025-02-12 17:40:22'),
(2, 'ACHIEVEMENT_EARNED', 150, NULL, NULL, '{"achievementName": "Mentor in Training", "level": 5}', '2025-02-25 19:05:10'),
(2, 'CHALLENGE_COMPLETED', 70, 106, NULL, '{"challengeName": "Conflict Resolution", "submissionType": "text"}', '2025-03-05 11:30:15'),
(2, 'MODULE_PROGRESS', 35, NULL, 203, '{"moduleName": "Creative Problem Solving", "lessonCompleted": "Ideation Techniques"}', '2025-03-15 13:25:40'),
(2, 'DAILY_LOGIN', 5, NULL, NULL, '{"streakDays": 5}', '2025-03-21 09:15:30'),

-- Continue with similar activity data for other users...

-- Relationship Module Progress
INSERT INTO relationship_module_progress (user_id, module_id, lessons_completed, simulations_completed, scenarios_completed, total_points, highest_level_completed, last_activity_at) VALUES
(1, 101, 6, 3, 2, 320, 3, '2025-03-20 16:45:22'),
(2, 101, 8, 5, 4, 520, 4, '2025-03-10 13:20:15'),
(3, 101, 3, 1, 0, 120, 1, '2025-03-15 18:30:45'),
(4, 101, 5, 2, 1, 240, 2, '2025-03-12 14:25:10'),
(5, 101, 7, 4, 3, 450, 3, '2025-03-18 11:10:35'),
(6, 101, 2, 0, 0, 60, 1, '2025-03-05 10:45:20'),
(7, 101, 4, 2, 1, 210, 2, '2025-03-16 15:30:40'),
(8, 101, 8, 6, 5, 650, 4, '2025-03-21 12:15:30'),
(9, 101, 3, 1, 0, 110, 1, '2025-03-10 17:40:15'),
(10, 101, 6, 3, 2, 350, 3, '2025-03-19 14:20:45'),
-- Continue for the remaining users...

-- Skill Progress
INSERT INTO skill_progress (user_id, skill_id, current_level, points_earned, completed_activities, last_activity_at) VALUES
(1, 201, 3, 320, 8, '2025-02-10 15:20:30'),
(1, 202, 4, 580, 12, '2025-03-15 14:10:25'),
(2, 203, 5, 780, 15, '2025-03-10 16:45:10'),
(3, 201, 2, 160, 5, '2025-03-05 13:30:45'),
(3, 204, 1, 85, 2, '2025-03-12 17:20:15'),
(4, 202, 3, 340, 9, '2025-03-08 15:40:30'),
(4, 205, 4, 520, 11, '2025-03-15 12:10:55'),
(5, 203, 2, 190, 6, '2025-03-10 14:25:40'),
(5, 201, 3, 310, 8, '2025-03-17 16:30:20'),
(6, 206, 1, 95, 3, '2025-03-05 11:45:15'),
-- Continue for the remaining users...